First name	Surname	ID number	Email address	Group	Choice
Allix-Lastrego	Luchino	lb93285	luchino.allix-lastrego@umontreal.ca		
Atallah	Stéphane	p1128155	stephane.atallah@umontreal.ca		
Aydi	Mouhib	hv57420	mouhib.aydi@umontreal.ca		
Basque Morin	Dominick	io13489	dominick.basque.morin@umontreal.ca		
Chhor	Émulie	ys27405	emulie.chhor@umontreal.ca		
Clarke	Andrew	vu47062	andrew.clarke@umontreal.ca		
Dontigny	Xavier	mu48723	xavier.dontigny@umontreal.ca		
Durandisse	Lens	p1222723	lens.arly.redondo.durandisse@umontreal.ca		
Gabriel	Philippe	p1193244	philippe.gabriel.1@umontreal.ca		
Godefroid	Corélie	ux54276	corelie.godefroid@umontreal.ca		
Jin	Yun	ce67901	yun.jin@umontreal.ca		
Khafagy	Ziad	p1235593	ziad.khafagy@umontreal.ca		
Lakhdhar	Mohamed Mehdi	wu85490	mohamed.mehdi.lakhdhar@umontreal.ca		
Langlois	Patrick	kt36478	patrick.langlois@umontreal.ca		
Liu	Qian Heng	uq14683	qian.heng.liu@umontreal.ca		
Mai	Ethan	p1220491	ethan.mai@umontreal.ca		
Morra Fischer	Mathis Roger Christian	li74605	mathis.morra--fischer@umontreal.ca		
Ngo	Steven	p1231996	steven.ngo@umontreal.ca		
Quirion	Vincent	pu37516	vincent.quirion@umontreal.ca		
Rasmy	Samy	cq36279	samy.rasmy@umontreal.ca		
Roman	Stefan	xg14607	stefan.roman@umontreal.ca		
Sahi	Rayane	ju50349	rayane.sahi@umontreal.ca		
Sellam	Taha	p1234842	taha.sellam@umontreal.ca		
Taladar	Ali	dj34629	ali.taladar@umontreal.ca		
Tardif	Guillaume	p1241557	guillaume.tardif@umontreal.ca		
Troshani	Eran	of20768	eran.troshani@umontreal.ca		
Tsikhanovich	Alena	tsikhana	alena.tsikhanovich@umontreal.ca		
Abdallah	Rana	p1241201	rana.abdallah@umontreal.ca	Groupe AN	
Ai	Miliya	kc41832	miliya.ai@umontreal.ca	Groupe Q	
Shen	Qianyun	ya37182	qianyun.shen@umontreal.ca	Groupe Q	
Trinh	Kim	ht41739	kim.trinh@umontreal.ca	Groupe Q	
Andreev	Denis	ug49863	denis.andreev@umontreal.ca	Groupe AM	
Bitar	Maya	fn42196	maya.bitar@umontreal.ca	Groupe AM	
Harfouche	Thomas	ry05713	thomas.harfouche@umontreal.ca	Groupe AM	
Arbour	Noémie	fx80791	noemie.arbour@umontreal.ca	Groupe C	
Bibi	Tassadit	nr62810	tassadit.bibi@umontreal.ca	Groupe C	
Chang	Yuan-Chen	p1190882	yuan-chen.chang@umontreal.ca	Groupe C	
Ariyam	Pirasana	sh30278	pirasana.ariyam@umontreal.ca	Groupe T	
Lee	Songju	ae76021	songju.lee@umontreal.ca	Groupe T	
Bach	William	p1199873	william.bach@umontreal.ca	Groupe AB	
Bamouni	Elvis Lucas Yanice	oh27498	elvis.lucas.yanice.bamouni@umontreal.ca	Groupe AB	
Tchoumkeu Djeumen	Thierry Manuel	pd24791	thierry.manuel.tchoumkeu.djeumen@umontreal.ca	Groupe AB	
Badra	Théo	p1055319	theo.badra@umontreal.ca	Groupe B	
Bombardier	Catherine	p1120355	catherine.bombardier@umontreal.ca	Groupe B	
Ngo	Hieu	p1112432	hieu.ngo@umontreal.ca	Groupe B	
Bah	Mamadou Daye	wd58234	mamadou.daye.bah@umontreal.ca	Groupe D	
El-Azhari	Ismail	es15940	ismail.el.azhari@umontreal.ca	Groupe D	
Grenier	Jean-Yves	p1219556	jean-yves.grenier@umontreal.ca	Groupe D	
Bazile-Supplice	Emily	fr21038	emily.bazile-supplice@umontreal.ca	Groupe I	
Guénette	Olivier	p1228518	olivier.guenette@umontreal.ca	Groupe I	
Begah	Sami	p1199573	sami.begah@umontreal.ca	Groupe AF	
Finoude	Mériadec	p0913105	meriadec.finoude@umontreal.ca	Groupe AF	
Bouchard	Médéric	az24065	mederic.bouchard@umontreal.ca	Groupe AH	
Boucher	Alexis	mj40325	alexis.boucher.2@umontreal.ca	Groupe AH	
Guney	Ozer	nl42591	ozer.guney@umontreal.ca	Groupe AH	
Boudehane	Walid	ca95374	walid.boudehane@umontreal.ca	Groupe X	
Kendi	Ithri	uh53420	ithri.kendi@umontreal.ca	Groupe X	
Negm	Mohamed	il49735	mohamed.negm@umontreal.ca	Groupe X	
Brandhot	Jean Bernard	bc65031	jean.bernard.brandhot@umontreal.ca	Groupe AP	
Jean-Baptiste	Eed Flory	p1242230	eed.flory.jean.baptiste@umontreal.ca	Groupe AP	
Ouattara	Gnananga Parfait	vg62893	gnananga.parfait.ouattara@umontreal.ca	Groupe AP	
Calle Guerrero	Carlos Eduardo	rj10674	carlos.eduardo.calle.guerrero@umontreal.ca	Groupe AS	
Chowdhury	Satyam	vx90614	satyam.chowdhury@umontreal.ca	Groupe AS	
Chandonnet	Cloé	p1209115	cloe.chandonnet@umontreal.ca	Groupe AD	
Haddad	Sara	ky59814	sara.haddad@umontreal.ca	Groupe AD	
Mam	Snkar Saleh Mahmood	rv37162	snkar.mam@umontreal.ca	Groupe AD	
Cormier	Félix	wm92837	felix.cormier@umontreal.ca	Groupe Z	
Meese-Coutaud	Marie-Charlotte	nb81293	marie-charlotte.meese-coutaud@umontreal.ca	Groupe Z	
Davignon	Olivier	p1229415	olivier.davignon@umontreal.ca	Groupe A	
Dumas	Gilles	p0158151	gilles.dumas.1@umontreal.ca	Groupe A	
Eddaoudi	Anass	cq75130	anass.eddaoudi@umontreal.ca	Groupe S	
Missouri	Yanis	nc71354	yanis.missouri@umontreal.ca	Groupe S	
Gagne	Frederic	iy97631	frederic.gagne.6@umontreal.ca	Groupe AC	
Rufiange	Emilie	p1242271	emilie.rufiange@umontreal.ca	Groupe AC	
Traore	Mariam	p1186591	mariam.traore.5@umontreal.ca	Groupe AC	
Gao	Xiang Long	p1191054	xiang.long.gao@umontreal.ca	Groupe AA	
Ho	Antoine	ud69573	antoine.ho@umontreal.ca	Groupe AA	
L'ecuyer	Alexandre	p1175450	alexandre.lecuyer.1@umontreal.ca	Groupe AA	
Guo	Jia	p1221866	jia.guo.1@umontreal.ca	Groupe AI	
Guyon	Alban	ay28396	alban.guyon@umontreal.ca	Groupe AG	
Jarjour	Frédéric	px84730	frederic.jarjour@umontreal.ca	Groupe AG	
Hazan	Gabriel	xh94573	gabriel.hazan@umontreal.ca	Groupe AO	
Lanoie	Patrick	mv51842	patrick.lanoie@umontreal.ca	Groupe AO	
Huang	Wei Jia	qw46792	wei.jia.huang@umontreal.ca	Groupe AJ	
Lee	Hakseong	lp36154	hakseong.lee@umontreal.ca	Groupe AJ	
Peng	Duola	p1224314	duola.peng@umontreal.ca	Groupe AJ	
Kruger	Christophe	zj32071	christophe.kruger@umontreal.ca	Groupe AK	
Pathmanathan	Athavan	um24561	athavan.pathmanathan@umontreal.ca	Groupe AK	
Labatte	Shaïna	ga67029	shaina.labatte@umontreal.ca	Groupe AQ	
Labrecque	Marc-André	p1219094	marc-andre.labrecque.1@umontreal.ca	Groupe AE	
Noui	Tarek Adel	hu86054	tarek.noui@umontreal.ca	Groupe AE	
Ould Saada	Ibrahim	p1225053	ibrahim.ould.saada@umontreal.ca	Groupe AE	
Langelier-Mainville	Olivier	ks21679	olivier.langelier-mainville@umontreal.ca	Groupe Y	
Villeneuve	Joël	cz79403	joel.villeneuve.1@umontreal.ca	Groupe Y	
Laperrière	Xavier	p1230813	xavier.laperriere@umontreal.ca	Groupe M	
Lee	Jeongeun	bo53167	jeongeun.lee@umontreal.ca	Groupe M	
Pemmerl	Marianne Schmit	ik62479	marianne.schmit.pemmerl@umontreal.ca	Groupe M	
Li	Daohan	fz46037	daohan.li@umontreal.ca	Groupe F	
Lord	Charles-Antoine	sk60897	charles-antoine.lord@umontreal.ca	Groupe F	
Lopez Saavedra	Francisco	eo82930	francisco.lopez@umontreal.ca	Groupe E	
Sanchez Roy	Adrian	p1079056	adrian.sanchez.roy@umontreal.ca	Groupe E	
Yakimenko	Maxim	kx19387	maxim.yakimenko@umontreal.ca	Groupe AL	
Zhang	Zhaoyi	p1194301	zhaoyi.zhang@umontreal.ca	Groupe AL	
